{
  "leftEye": {
    "ellipseMinorAxis": 0.24494899809360505,
    "ellipseMajorAxis": 0.3099985122680664,
    "screenForward": {
      "x": 0.41423994302749636,
      "y": -0.36122894287109377,
      "z": 0.8354154229164124
    },
    "screenPosition": {
      "x": -0.06978673487901688,
      "y": 0.004169288091361523,
      "z": 0.0008748453110456467
    },
    "eyePosition": {
      "x": -0.0300484336912632,
      "y": 0.004733933135867119,
      "z": -0.032377295196056369
    },
    "eyeRotation": {
      "x": 7.395533370627759e-32,
      "y": 1.7763568394002506e-15,
      "z": 1.1241009818395605e-14,
      "w": 1.0
    },
    "cameraProjection": {
      "x": -0.699999988079071,
      "y": 0.699999988079071,
      "z": 0.30000001192092898,
      "w": -1.399999976158142
    },
    "sphereToWorldSpace": {
      "e00": 0.05101080238819122,
      "e01": 0.06071346998214722,
      "e02": 0.29330453276634219,
      "e03": -0.10754800587892533,
      "e10": 0.0,
      "e11": 0.23695310950279237,
      "e12": -0.07855913043022156,
      "e13": 0.03666631504893303,
      "e20": -0.23957861959934236,
      "e21": 0.012927045114338398,
      "e22": 0.062450066208839419,
      "e23": -0.07400932908058167,
      "e30": 0.0,
      "e31": 0.0,
      "e32": 0.0,
      "e33": 1.0
    },
    "worldToScreenSpace": {
      "e00": 2.772339344024658,
      "e01": 14.123963356018067,
      "e02": 4.732460021972656,
      "e03": 0.13044551014900208,
      "e10": -15.009867668151856,
      "e11": 0.39520081877708437,
      "e12": 7.613510608673096,
      "e13": -1.055798053741455,
      "e20": 0.41423991322517397,
      "e21": -0.361228883266449,
      "e22": 0.8354154229164124,
      "e23": 0.029683660715818406,
      "e30": 0.0,
      "e31": 0.0,
      "e32": 0.0,
      "e33": 1.0
    }
  },
  "rightEye": {
    "ellipseMinorAxis": 0.24494899809360505,
    "ellipseMajorAxis": 0.3099985122680664,
    "screenForward": {
      "x": -0.43839818239212038,
      "y": -0.3823518455028534,
      "z": 0.8133966326713562
    },
    "screenPosition": {
      "x": 0.06666112691164017,
      "y": 0.0014941748231649399,
      "z": 0.0025683604180812837
    },
    "eyePosition": {
      "x": 0.0300484336912632,
      "y": 0.004733933135867119,
      "z": -0.032377295196056369
    },
    "eyeRotation": {
      "x": 7.395533370627759e-32,
      "y": 1.7763568394002506e-15,
      "z": 1.1241009818395605e-14,
      "w": 1.0
    },
    "cameraProjection": {
      "x": -0.699999988079071,
      "y": 0.699999988079071,
      "z": 0.30000001192092898,
      "w": -1.399999976158142
    },
    "sphereToWorldSpace": {
      "e00": 0.05101081356406212,
      "e01": -0.060713451355695727,
      "e02": -0.29330453276634219,
      "e03": 0.10755803436040878,
      "e10": 0.0,
      "e11": 0.23695312440395356,
      "e12": -0.07855910062789917,
      "e13": 0.03369298204779625,
      "e20": 0.23957861959934236,
      "e21": 0.0129270413890481,
      "e22": 0.062450066208839419,
      "e23": -0.07186463475227356,
      "e30": 0.0,
      "e31": 0.0,
      "e32": 0.0,
      "e33": 1.0
    },
    "worldToScreenSpace": {
      "e00": -3.0037522315979006,
      "e01": 13.997681617736817,
      "e02": 4.960925102233887,
      "e03": 0.16657708585262299,
      "e10": -14.758319854736329,
      "e11": -0.29820188879966738,
      "e12": -8.094499588012696,
      "e13": 1.0050415992736817,
      "e20": -0.43839824199676516,
      "e21": -0.3823518455028534,
      "e22": 0.8133966326713562,
      "e23": 0.027706328779459,
      "e30": 0.0,
      "e31": 0.0,
      "e32": 0.0,
      "e33": 1.0
    }
  },
  "leapTracker": {
    "name": "Leap Odometry Origin",
    "serial": "",
    "localPose": {
      "position": {
        "x": 0.0,
        "y": 0.039777886122465137,
        "z": 0.0804821103811264
      },
      "rotation": {
        "x": 0.27482354640960696,
        "y": 0.0,
        "z": 0.0,
        "w": 0.9614946842193604
      }
    }
  }
}