{
  "leftEye": {
    "ellipseMinorAxis": 0.24494899809360505,
    "ellipseMajorAxis": 0.3099985122680664,
    "screenForward": {
      "x": 0.5782396793365479,
      "y": -0.2658259868621826,
      "z": 0.7713465094566345
    },
    "screenPosition": {
      "x": -0.07434218376874924,
      "y": -0.006072246935218573,
      "z": 0.020501064136624337
    },
    "eyePosition": {
      "x": -0.0300484336912632,
      "y": -0.013182730413973332,
      "z": 0.005122685339301825
    },
    "eyeRotation": {
      "x": 7.395533370627759e-32,
      "y": 1.7763568394002506e-15,
      "z": 1.1241009818395605e-14,
      "w": 1.0
    },
    "cameraProjection": {
      "x": -0.699999988079071,
      "y": 0.699999988079071,
      "z": 0.30000001192092898,
      "w": -1.399999976158142
    },
    "sphereToWorldSpace": {
      "e00": 0.05101080238819122,
      "e01": 0.06071346998214722,
      "e02": 0.29330453276634219,
      "e03": -0.11871358007192612,
      "e10": 0.0,
      "e11": 0.23695310950279237,
      "e12": -0.07855913043022156,
      "e13": 0.02610590122640133,
      "e20": -0.23957861959934236,
      "e21": 0.012927045114338398,
      "e22": 0.062450066208839419,
      "e23": -0.05672137066721916,
      "e30": 0.0,
      "e31": 0.0,
      "e32": 0.0,
      "e33": 1.0
    },
    "worldToScreenSpace": {
      "e00": 2.119220018386841,
      "e01": 14.602025985717774,
      "e02": 3.4435625076293947,
      "e03": 0.17561785876750947,
      "e10": -13.531791687011719,
      "e11": -0.3961687684059143,
      "e12": 10.007572174072266,
      "e13": -1.2135543823242188,
      "e20": 0.5782396197319031,
      "e21": -0.26582592725753786,
      "e22": 0.7713465094566345,
      "e23": 0.025560013949871064,
      "e30": 0.0,
      "e31": 0.0,
      "e32": 0.0,
      "e33": 1.0
    }
  },
  "rightEye": {
    "ellipseMinorAxis": 0.24494899809360505,
    "ellipseMajorAxis": 0.3099985420703888,
    "screenForward": {
      "x": -0.5408546328544617,
      "y": -0.20704376697540284,
      "z": 0.8152356743812561
    },
    "screenPosition": {
      "x": 0.07355654984712601,
      "y": -0.00002286583185195923,
      "z": 0.01853027567267418
    },
    "eyePosition": {
      "x": 0.0300484336912632,
      "y": -0.013182730413973332,
      "z": 0.005122685339301825
    },
    "eyeRotation": {
      "x": 7.395533370627759e-32,
      "y": 1.7763568394002506e-15,
      "z": 1.1241009818395605e-14,
      "w": 1.0
    },
    "cameraProjection": {
      "x": -0.699999988079071,
      "y": 0.699999988079071,
      "z": 0.30000001192092898,
      "w": -1.399999976158142
    },
    "sphereToWorldSpace": {
      "e00": 0.05101081356406212,
      "e01": -0.060713447630405429,
      "e02": -0.29330456256866457,
      "e03": 0.12310768663883209,
      "e10": 1.8250122524321455e-9,
      "e11": 0.23695312440395356,
      "e12": -0.07855910062789917,
      "e13": 0.031562644988298419,
      "e20": 0.23957861959934236,
      "e21": 0.012927036732435227,
      "e22": 0.062450069934129718,
      "e23": -0.05844515934586525,
      "e30": 0.0,
      "e31": 0.0,
      "e32": 0.0,
      "e33": 1.0
    },
    "worldToScreenSpace": {
      "e00": -1.1154155731201172,
      "e01": 14.805509567260743,
      "e02": 3.0201215744018556,
      "e03": 0.026420965790748597,
      "e10": -14.105865478515625,
      "e11": 0.8045779466629028,
      "e12": -9.15396499633789,
      "e13": 1.2072227001190186,
      "e20": -0.5408546328544617,
      "e21": -0.20704379677772523,
      "e22": 0.8152356743812561,
      "e23": 0.02467212826013565,
      "e30": 0.0,
      "e31": 0.0,
      "e32": 0.0,
      "e33": 1.0
    }
  },
  "leapTracker": {
    "name": "Leap Odometry Origin",
    "serial": "",
    "localPose": {
      "position": {
        "x": 0.0,
        "y": 0.039777886122465137,
        "z": 0.0804821103811264
      },
      "rotation": {
        "x": 0.27482354640960696,
        "y": 0.0,
        "z": 0.0,
        "w": 0.9614946842193604
      }
    }
  }
}