{
  "leftEye": {
    "ellipseMinorAxis": 0.24494899809360505,
    "ellipseMajorAxis": 0.3099985122680664,
    "screenForward": {
      "x": 0.6228432059288025,
      "y": -0.4078729748725891,
      "z": 0.6676120758056641
    },
    "screenPosition": {
      "x": -0.07377015054225922,
      "y": -0.005285352468490601,
      "z": 0.02231881394982338
    },
    "eyePosition": {
      "x": -0.0300484336912632,
      "y": -0.006516069173812866,
      "z": -0.012793978676199913
    },
    "eyeRotation": {
      "x": 7.395533370627759e-32,
      "y": 1.7763568394002506e-15,
      "z": 1.1241009818395605e-14,
      "w": 1.0
    },
    "cameraProjection": {
      "x": -0.699999988079071,
      "y": 0.699999988079071,
      "z": 0.30000001192092898,
      "w": -1.399999976158142
    },
    "sphereToWorldSpace": {
      "e00": 0.05101080238819122,
      "e01": 0.06071346998214722,
      "e02": 0.29330453276634219,
      "e03": -0.12088605016469956,
      "e10": 0.0,
      "e11": 0.23695310950279237,
      "e12": -0.07855913043022156,
      "e13": 0.025712469592690469,
      "e20": -0.23957861959934236,
      "e21": 0.012927045114338398,
      "e22": 0.062450066208839419,
      "e23": -0.05698990076780319,
      "e30": 0.0,
      "e31": 0.0,
      "e32": 0.0,
      "e33": 1.0
    },
    "worldToScreenSpace": {
      "e00": 4.008979320526123,
      "e01": 13.831525802612305,
      "e02": 4.7101311683654789,
      "e03": 0.2637230157852173,
      "e10": -12.394701957702637,
      "e11": -0.285811185836792,
      "e12": 11.38891887664795,
      "e13": -1.170056700706482,
      "e20": 0.6228432059288025,
      "e21": -0.4078729748725891,
      "e22": 0.6676120758056641,
      "e23": 0.028891172260046006,
      "e30": 0.0,
      "e31": 0.0,
      "e32": 0.0,
      "e33": 1.0
    }
  },
  "rightEye": {
    "ellipseMinorAxis": 0.24494899809360505,
    "ellipseMajorAxis": 0.3099985122680664,
    "screenForward": {
      "x": -0.5153236389160156,
      "y": -0.18942037224769593,
      "z": 0.8357999324798584
    },
    "screenPosition": {
      "x": 0.0702986791729927,
      "y": -0.002229190431535244,
      "z": 0.011927740648388863
    },
    "eyePosition": {
      "x": 0.0300484336912632,
      "y": -0.006516069173812866,
      "z": -0.012793978676199913
    },
    "eyeRotation": {
      "x": 7.395533370627759e-32,
      "y": 1.7763568394002506e-15,
      "z": 1.1241009818395605e-14,
      "w": 1.0
    },
    "cameraProjection": {
      "x": -0.699999988079071,
      "y": 0.699999988079071,
      "z": 0.30000001192092898,
      "w": -1.399999976158142
    },
    "sphereToWorldSpace": {
      "e00": 0.05101081356406212,
      "e01": -0.060713451355695727,
      "e02": -0.29330453276634219,
      "e03": 0.11936568468809128,
      "e10": 0.0,
      "e11": 0.23695312440395356,
      "e12": -0.07855910062789917,
      "e13": 0.028623854741454126,
      "e20": 0.23957861959934236,
      "e21": 0.0129270413890481,
      "e22": 0.062450066208839419,
      "e23": -0.06725351512432099,
      "e30": 0.0,
      "e31": 0.0,
      "e32": 0.0,
      "e33": 1.0
    },
    "worldToScreenSpace": {
      "e00": -1.1979408264160157,
      "e01": 14.87297248840332,
      "e02": 2.6321089267730715,
      "e03": 0.08597321808338165,
      "e10": -14.366007804870606,
      "e11": 0.39460963010787966,
      "e12": -8.768120765686036,
      "e13": 1.1153749227523804,
      "e20": -0.5153235793113709,
      "e21": -0.18942035734653474,
      "e22": 0.8357999324798584,
      "e23": 0.025835109874606134,
      "e30": 0.0,
      "e31": 0.0,
      "e32": 0.0,
      "e33": 1.0
    }
  },
  "leapTracker": {
    "name": "Leap Odometry Origin",
    "serial": "",
    "localPose": {
      "position": {
        "x": 0.0,
        "y": 0.039777886122465137,
        "z": 0.0804821103811264
      },
      "rotation": {
        "x": 0.27482354640960696,
        "y": 0.0,
        "z": 0.0,
        "w": 0.9614946842193604
      }
    }
  }
}