{
  "leftEye": {
    "ellipseMinorAxis": 0.24494899809360505,
    "ellipseMajorAxis": 0.3099985122680664,
    "screenForward": {
      "x": 0.5938788652420044,
      "y": -0.23979999125003816,
      "z": 0.7679868936538696
    },
    "screenPosition": {
      "x": -0.07555493712425232,
      "y": -0.007523007690906525,
      "z": 0.020285367965698243
    },
    "eyePosition": {
      "x": -0.0300484336912632,
      "y": -0.004432734567672014,
      "z": -0.004043983295559883
    },
    "eyeRotation": {
      "x": 7.395533370627759e-32,
      "y": 1.7763568394002506e-15,
      "z": 1.1241009818395605e-14,
      "w": 1.0
    },
    "cameraProjection": {
      "x": -0.699999988079071,
      "y": 0.699999988079071,
      "z": 0.30000001192092898,
      "w": -1.399999976158142
    },
    "sphereToWorldSpace": {
      "e00": 0.05101080238819122,
      "e01": 0.06071346998214722,
      "e02": 0.29330453276634219,
      "e03": -0.12623655796051026,
      "e10": 0.0,
      "e11": 0.23695310950279237,
      "e12": -0.07855913043022156,
      "e13": 0.025081535801291467,
      "e20": -0.23957861959934236,
      "e21": 0.012927045114338398,
      "e22": 0.062450066208839419,
      "e23": -0.05988529324531555,
      "e30": 0.0,
      "e31": 0.0,
      "e32": 0.0,
      "e33": 1.0
    },
    "worldToScreenSpace": {
      "e00": 2.439652919769287,
      "e01": 14.707008361816407,
      "e02": 2.705620765686035,
      "e03": 0.24008426070213319,
      "e10": -13.27066707611084,
      "e11": 0.296455979347229,
      "e12": 10.3546781539917,
      "e13": -1.2104825973510743,
      "e20": 0.5938788056373596,
      "e21": -0.23979994654655457,
      "e22": 0.7679868936538696,
      "e23": 0.027487564831972123,
      "e30": 0.0,
      "e31": 0.0,
      "e32": 0.0,
      "e33": 1.0
    }
  },
  "rightEye": {
    "ellipseMinorAxis": 0.24494899809360505,
    "ellipseMajorAxis": 0.3099985122680664,
    "screenForward": {
      "x": -0.5738952159881592,
      "y": -0.2069820910692215,
      "z": 0.7923400402069092
    },
    "screenPosition": {
      "x": 0.07094024866819382,
      "y": -0.007145154755562544,
      "z": 0.01889844238758087
    },
    "eyePosition": {
      "x": 0.0300484336912632,
      "y": -0.004432734567672014,
      "z": -0.004043983295559883
    },
    "eyeRotation": {
      "x": 7.395533370627759e-32,
      "y": 1.7763568394002506e-15,
      "z": 1.1241009818395605e-14,
      "w": 1.0
    },
    "cameraProjection": {
      "x": -0.699999988079071,
      "y": 0.699999988079071,
      "z": 0.30000001192092898,
      "w": -1.399999976158142
    },
    "sphereToWorldSpace": {
      "e00": 0.05101081356406212,
      "e01": -0.060713451355695727,
      "e02": -0.29330453276634219,
      "e03": 0.12114662677049637,
      "e10": 0.0,
      "e11": 0.23695312440395356,
      "e12": -0.07855910062789917,
      "e13": 0.023443827405571939,
      "e20": 0.23957861959934236,
      "e21": 0.0129270413890481,
      "e22": 0.062450066208839419,
      "e23": -0.060224227607250217,
      "e30": 0.0,
      "e31": 0.0,
      "e32": 0.0,
      "e33": 1.0
    },
    "worldToScreenSpace": {
      "e00": -1.5024211406707764,
      "e01": 14.817830085754395,
      "e02": 2.7826337814331056,
      "e03": 0.15987037122249604,
      "e10": -13.685240745544434,
      "e11": 0.4516795575618744,
      "e12": -9.794285774230957,
      "e13": 1.1591583490371705,
      "e20": -0.5738952159881592,
      "e21": -0.2069820612668991,
      "e22": 0.7923399806022644,
      "e23": 0.024259362369775773,
      "e30": 0.0,
      "e31": 0.0,
      "e32": 0.0,
      "e33": 1.0
    }
  },
  "leapTracker": {
    "name": "Leap Odometry Origin",
    "serial": "",
    "localPose": {
      "position": {
        "x": 0.0,
        "y": 0.039777886122465137,
        "z": 0.0804821103811264
      },
      "rotation": {
        "x": 0.27482354640960696,
        "y": 0.0,
        "z": 0.0,
        "w": 0.9614946842193604
      }
    }
  }
}