{"cameraMode":{"drawMode":0,"name":"Shaded","section":"Shading Mode"},"sceneLighting":false,"audioPlay":false,"sceneViewState":{"showFog":true,"showMaterialUpdate":false,"showSkybox":true,"showFlares":true,"showImageEffects":true,"showParticleSystems":true},"in2DMode":false,"pivot":{"x":1.5222407579421998,"y":0.10480403900146485,"z":2.3965530395507814},"rotation":{"x":-0.07331356406211853,"y":-0.4289489686489105,"z":0.034954629838466647,"w":-0.8996700048446655},"size":3.838721513748169,"orthographic":false}