{
  "leftEye": {
    "ellipseMinorAxis": 0.24494899809360505,
    "ellipseMajorAxis": 0.3099985122680664,
    "screenForward": {
      "x": 0.2946392893791199,
      "y": -0.2685873806476593,
      "z": 0.9170869588851929
    },
    "screenPosition": {
      "x": -0.0779852494597435,
      "y": -0.014954883605241776,
      "z": 0.01980891078710556
    },
    "eyePosition": {
      "x": -0.029943088069558145,
      "y": -0.014616160653531552,
      "z": -0.004279683344066143
    },
    "eyeRotation": {
      "x": 7.395533370627759e-32,
      "y": 1.7763568394002506e-15,
      "z": 1.1241009818395605e-14,
      "w": 1.0
    },
    "cameraProjection": {
      "x": -0.699999988079071,
      "y": 0.699999988079071,
      "z": 0.30000001192092898,
      "w": -1.399999976158142
    },
    "sphereToWorldSpace": {
      "e00": 0.05101080238819122,
      "e01": 0.06071346998214722,
      "e02": 0.29330453276634219,
      "e03": -0.11231208592653275,
      "e10": 0.0,
      "e11": 0.23695310950279237,
      "e12": -0.07855913043022156,
      "e13": 0.017534052953124048,
      "e20": -0.23957861959934236,
      "e21": 0.012927045114338398,
      "e22": 0.062450066208839419,
      "e23": -0.045734718441963199,
      "e30": 0.0,
      "e31": 0.0,
      "e32": 0.0,
      "e33": 1.0
    },
    "worldToScreenSpace": {
      "e00": 1.3271710872650147,
      "e01": 14.594537734985352,
      "e02": 3.8479132652282717,
      "e03": 0.2455364465713501,
      "e10": -16.019960403442384,
      "e11": 0.09264993667602539,
      "e12": 5.173983573913574,
      "e13": -1.3504260778427125,
      "e20": 0.2946392595767975,
      "e21": -0.2685873508453369,
      "e22": 0.9170869588851929,
      "e23": 0.0007943289820104837,
      "e30": 0.0,
      "e31": 0.0,
      "e32": 0.0,
      "e33": 1.0
    }
  },
  "rightEye": {
    "ellipseMinorAxis": 0.24494899809360505,
    "ellipseMajorAxis": 0.3099985122680664,
    "screenForward": {
      "x": -0.36803287267684939,
      "y": -0.3770626187324524,
      "z": 0.8499268293380737
    },
    "screenPosition": {
      "x": 0.07673602551221848,
      "y": -0.0018838541582226754,
      "z": 0.01664147898554802
    },
    "eyePosition": {
      "x": 0.029943088069558145,
      "y": -0.014616160653531552,
      "z": -0.004279683344066143
    },
    "eyeRotation": {
      "x": 7.395533370627759e-32,
      "y": 1.7763568394002506e-15,
      "z": 1.1241009818395605e-14,
      "w": 1.0
    },
    "cameraProjection": {
      "x": -0.699999988079071,
      "y": 0.699999988079071,
      "z": 0.30000001192092898,
      "w": -1.399999976158142
    },
    "sphereToWorldSpace": {
      "e00": 0.05101081356406212,
      "e01": -0.060713451355695727,
      "e02": -0.29330453276634219,
      "e03": 0.11460260301828385,
      "e10": 0.0,
      "e11": 0.23695312440395356,
      "e12": -0.07855910062789917,
      "e13": 0.029069269075989724,
      "e20": 0.23957861959934236,
      "e21": 0.0129270413890481,
      "e22": 0.062450066208839419,
      "e23": -0.048412758857011798,
      "e30": 0.0,
      "e31": 0.0,
      "e32": 0.0,
      "e33": 1.0
    },
    "worldToScreenSpace": {
      "e00": -2.5354645252227785,
      "e01": 14.030585289001465,
      "e02": 5.126646041870117,
      "e03": 0.13567808270454408,
      "e10": -15.397822380065918,
      "e11": -0.29798412322998049,
      "e12": -6.799716949462891,
      "e13": 1.2941638231277466,
      "e20": -0.3680328130722046,
      "e21": -0.3770625591278076,
      "e22": 0.8499268293380737,
      "e23": 0.01338700670748949,
      "e30": 0.0,
      "e31": 0.0,
      "e32": 0.0,
      "e33": 1.0
    }
  },
  "leapTracker": {
    "name": "Leap Odometry Origin",
    "serial": "",
    "localPose": {
      "position": {
        "x": 0.0,
        "y": 0.039777886122465137,
        "z": 0.0804821103811264
      },
      "rotation": {
        "x": 0.27482354640960696,
        "y": 0.0,
        "z": 0.0,
        "w": 0.9614946842193604
      }
    }
  }
}