{
  "leftEye": {
    "ellipseMinorAxis": 0.24494899809360505,
    "ellipseMajorAxis": 0.3099985122680664,
    "screenForward": {
      "x": 0.5338112115859985,
      "y": -0.17352603375911714,
      "z": 0.8276075720787048
    },
    "screenPosition": {
      "x": -0.06901292502880097,
      "y": -0.005032156128436327,
      "z": 0.018473627045750619
    },
    "eyePosition": {
      "x": -0.0300484336912632,
      "y": 0.0034839329309761526,
      "z": -0.008627315983176232
    },
    "eyeRotation": {
      "x": 7.395533370627759e-32,
      "y": 1.7763568394002506e-15,
      "z": 1.1241009818395605e-14,
      "w": 1.0
    },
    "cameraProjection": {
      "x": -0.699999988079071,
      "y": 0.699999988079071,
      "z": 0.30000001192092898,
      "w": -1.399999976158142
    },
    "sphereToWorldSpace": {
      "e00": 0.05101080238819122,
      "e01": 0.06071346998214722,
      "e02": 0.29330453276634219,
      "e03": -0.11402789503335953,
      "e10": 0.0,
      "e11": 0.23695310950279237,
      "e12": -0.07855913043022156,
      "e13": 0.029947353526949884,
      "e20": -0.23957861959934236,
      "e21": 0.012927045114338398,
      "e22": 0.062450066208839419,
      "e23": -0.057900089770555499,
      "e30": 0.0,
      "e31": 0.0,
      "e32": 0.0,
      "e33": 1.0
    },
    "worldToScreenSpace": {
      "e00": 0.9384949207305908,
      "e01": 14.91080093383789,
      "e02": 2.5210421085357668,
      "e03": 0.09322898089885712,
      "e10": -14.197510719299317,
      "e11": -0.6322836875915527,
      "e12": 9.024894714355469,
      "e13": -1.1497161388397217,
      "e20": 0.5338112115859985,
      "e21": -0.17352603375911714,
      "e22": 0.8276075720787048,
      "e23": 0.020677749067544938,
      "e30": 0.0,
      "e31": 0.0,
      "e32": 0.0,
      "e33": 1.0
    }
  },
  "rightEye": {
    "ellipseMinorAxis": 0.24494899809360505,
    "ellipseMajorAxis": 0.3099985122680664,
    "screenForward": {
      "x": -0.5236259698867798,
      "y": -0.1671210676431656,
      "z": 0.8353959918022156
    },
    "screenPosition": {
      "x": 0.06780281662940979,
      "y": -0.003687127958983183,
      "z": 0.018579788506031038
    },
    "eyePosition": {
      "x": 0.0300484336912632,
      "y": 0.0034839329309761526,
      "z": -0.008627315983176232
    },
    "eyeRotation": {
      "x": 7.395533370627759e-32,
      "y": 1.7763568394002506e-15,
      "z": 1.1241009818395605e-14,
      "w": 1.0
    },
    "cameraProjection": {
      "x": -0.699999988079071,
      "y": 0.699999988079071,
      "z": 0.30000001192092898,
      "w": -1.399999976158142
    },
    "sphereToWorldSpace": {
      "e00": 0.05101081356406212,
      "e01": -0.060713451355695727,
      "e02": -0.29330453276634219,
      "e03": 0.1152816191315651,
      "e10": 0.0,
      "e11": 0.23695312440395356,
      "e12": -0.07855910062789917,
      "e13": 0.030597221106290818,
      "e20": 0.23957861959934236,
      "e21": 0.0129270413890481,
      "e22": 0.062450066208839419,
      "e23": -0.05547752603888512,
      "e30": 0.0,
      "e31": 0.0,
      "e32": 0.0,
      "e33": 1.0
    },
    "worldToScreenSpace": {
      "e00": -0.504239559173584,
      "e01": 14.906594276428223,
      "e02": 2.666008949279785,
      "e03": 0.03961748257279396,
      "e10": -14.331619262695313,
      "e11": 1.0830576419830323,
      "e12": -8.766387939453125,
      "e13": 1.1385953426361085,
      "e20": -0.5236259698867798,
      "e21": -0.16712109744548798,
      "e22": 0.8353959918022156,
      "e23": 0.019365642219781877,
      "e30": 0.0,
      "e31": 0.0,
      "e32": 0.0,
      "e33": 1.0
    }
  },
  "leapTracker": {
    "name": "Leap Odometry Origin",
    "serial": "",
    "localPose": {
      "position": {
        "x": 0.0,
        "y": 0.039777886122465137,
        "z": 0.0804821103811264
      },
      "rotation": {
        "x": 0.31233328580856326,
        "y": -0.012434642761945725,
        "z": 0.004088666755706072,
        "w": 0.949882447719574
      }
    }
  }
}