{
  "leftEye": {
    "ellipseMinorAxis": 0.24494899809360505,
    "ellipseMajorAxis": 0.3099985420703888,
    "screenForward": {
      "x": 0.532005786895752,
      "y": -0.29707685112953188,
      "z": 0.7929156422615051
    },
    "screenPosition": {
      "x": -0.07357511669397354,
      "y": -0.010091537609696389,
      "z": 0.018034689128398896
    },
    "eyePosition": {
      "x": -0.0300484336912632,
      "y": 0.000567265844438225,
      "z": 0.0009560210164636374
    },
    "eyeRotation": {
      "x": 7.395533370627759e-32,
      "y": 1.7763568394002506e-15,
      "z": 1.1241009818395605e-14,
      "w": 1.0
    },
    "cameraProjection": {
      "x": -0.699999988079071,
      "y": 0.699999988079071,
      "z": 0.30000001192092898,
      "w": -1.399999976158142
    },
    "sphereToWorldSpace": {
      "e00": 0.05101080238819122,
      "e01": 0.06071346998214722,
      "e02": 0.29330456256866457,
      "e03": -0.11536262929439545,
      "e10": 0.0,
      "e11": 0.23695310950279237,
      "e12": -0.07855913788080216,
      "e13": 0.025766531005501748,
      "e20": -0.23957861959934236,
      "e21": 0.012927045114338398,
      "e22": 0.062450069934129718,
      "e23": -0.05411085858941078,
      "e30": 0.0,
      "e31": 0.0,
      "e32": 0.0,
      "e33": 1.0
    },
    "worldToScreenSpace": {
      "e00": 2.056932210922241,
      "e01": 14.458248138427735,
      "e02": 4.036886692047119,
      "e03": 0.22444100677967072,
      "e10": -14.070488929748536,
      "e11": -0.574081301689148,
      "e12": 9.22548770904541,
      "e13": -1.2074099779129029,
      "e20": 0.5320057272911072,
      "e21": -0.2970768213272095,
      "e22": 0.7929157018661499,
      "e23": 0.02184443362057209,
      "e30": 0.0,
      "e31": 0.0,
      "e32": 0.0,
      "e33": 1.0
    }
  },
  "rightEye": {
    "ellipseMinorAxis": 0.24494899809360505,
    "ellipseMajorAxis": 0.3099985122680664,
    "screenForward": {
      "x": -0.5174210071563721,
      "y": -0.2597888112068176,
      "z": 0.8153436779975891
    },
    "screenPosition": {
      "x": 0.07273607701063156,
      "y": -0.00867588259279728,
      "z": 0.019247453659772874
    },
    "eyePosition": {
      "x": 0.0300484336912632,
      "y": 0.000567265844438225,
      "z": 0.0009560210164636374
    },
    "eyeRotation": {
      "x": 7.395533370627759e-32,
      "y": 1.7763568394002506e-15,
      "z": 1.1241009818395605e-14,
      "w": 1.0
    },
    "cameraProjection": {
      "x": -0.699999988079071,
      "y": 0.699999988079071,
      "z": 0.30000001192092898,
      "w": -1.399999976158142
    },
    "sphereToWorldSpace": {
      "e00": 0.05101081356406212,
      "e01": -0.060713451355695727,
      "e02": -0.29330453276634219,
      "e03": 0.11652366071939469,
      "e10": 0.0,
      "e11": 0.23695312440395356,
      "e12": -0.07855910062789917,
      "e13": 0.026841575279831888,
      "e20": 0.23957861959934236,
      "e21": 0.0129270413890481,
      "e22": 0.062450066208839419,
      "e23": -0.052691150456666949,
      "e30": 0.0,
      "e31": 0.0,
      "e32": 0.0,
      "e33": 1.0
    },
    "worldToScreenSpace": {
      "e00": -1.8255610466003419,
      "e01": 14.627713203430176,
      "e02": 3.502243995666504,
      "e03": 0.19228315353393556,
      "e10": -14.262733459472657,
      "e11": 0.35963860154151919,
      "e12": -8.93660831451416,
      "e13": 1.2125424146652222,
      "e20": -0.5174210071563721,
      "e21": -0.25978878140449526,
      "e22": 0.8153436183929443,
      "e23": 0.019687987864017488,
      "e30": 0.0,
      "e31": 0.0,
      "e32": 0.0,
      "e33": 1.0
    }
  },
  "leapTracker": {
    "name": "Leap Odometry Origin",
    "serial": "",
    "localPose": {
      "position": {
        "x": 0.0,
        "y": 0.039777886122465137,
        "z": 0.0804821103811264
      },
      "rotation": {
        "x": 0.27482354640960696,
        "y": 0.0,
        "z": 0.0,
        "w": 0.9614946842193604
      }
    }
  }
}